Timestamp,Type,X,Y,Z
2025-11-12 13:18:51.737,A,-0.0791016,0.345215,-0.878906
2025-11-12 13:18:51.737,G,-5.31006,-10.376,7.8125
2025-11-12 13:18:51.837,A,-0.074707,0.349609,-0.942383
2025-11-12 13:18:51.837,G,-5.61523,-13.6719,-10.7422
2025-11-12 13:18:51.937,A,-0.113281,0.384277,-0.921387
2025-11-12 13:18:51.937,G,11.2915,-10.8032,-20.2637
2025-11-12 13:18:52.037,A,-0.185059,0.371094,-0.922363
2025-11-12 13:18:52.037,G,33.8135,6.22559,-26.3672
2025-11-12 13:18:52.137,A,-0.0131836,0.175293,-1.03564
2025-11-12 13:18:52.137,G,41.1987,61.5234,-5.49316
2025-11-12 13:18:52.237,A,-0.027832,0.176758,-0.902344
2025-11-12 13:18:52.237,G,-13.6108,21.2402,4.3335
2025-11-12 13:18:52.338,A,0.180176,0.425293,-0.916016
2025-11-12 13:18:52.338,G,13.6719,18.3716,-5.43213
2025-11-12 13:18:52.438,A,-0.0126953,0.297852,-0.845703
2025-11-12 13:18:52.438,G,-5.49316,3.96729,-12.9395
2025-11-12 13:18:52.538,A,0.0820312,0.23291,-0.948242
2025-11-12 13:18:52.538,G,2.38037,7.93457,-4.08936
2025-11-12 13:18:52.638,A,0.065918,0.232422,-0.957031
2025-11-12 13:18:52.638,G,-10.5591,16.7236,2.50244
2025-11-12 13:18:52.738,A,0.106934,0.256836,-1.13867
2025-11-12 13:18:52.738,G,40.1001,46.0205,15.0757
2025-11-12 13:18:52.839,A,0.0961914,0.21875,-1.01514
2025-11-12 13:18:52.839,G,38.147,-21.7285,6.5918
2025-11-12 13:18:52.939,A,0.034668,0.200684,-1.05176
2025-11-12 13:18:52.939,G,46.1426,-26.062,-35.1562
2025-11-12 13:18:53.039,A,-0.00439453,-0.00830078,-0.952637
2025-11-12 13:18:53.039,G,59.9365,1.95312,-13.9771
2025-11-12 13:18:53.139,A,-0.0551758,0.012207,-0.904297
2025-11-12 13:18:53.139,G,40.1001,-38.8184,-43.8232
2025-11-12 13:18:53.239,A,-0.0688477,0.0708008,-0.978027
2025-11-12 13:18:53.239,G,37.0483,-2.68555,-96.7407
2025-11-12 13:18:53.339,A,0.120117,-0.289062,-0.867676
2025-11-12 13:18:53.339,G,47.2412,-2.31934,-90.1489
2025-11-12 13:18:53.440,A,0.0864258,-0.272461,-0.919434
2025-11-12 13:18:53.440,G,-17.7612,21.4844,-104.309
2025-11-12 13:18:53.540,A,0.200684,-0.30957,-0.771973
2025-11-12 13:18:53.540,G,84.1675,38.6353,-144.348
2025-11-12 13:18:53.641,A,0.310059,-0.266602,-0.561523
2025-11-12 13:18:53.641,G,36.9263,97.229,-120.056
2025-11-12 13:18:53.740,A,0.347656,-0.458496,-0.735352
2025-11-12 13:18:53.740,G,-73.4863,24.5972,-10.498
2025-11-12 13:18:53.840,A,0.368652,-0.34082,-0.710449
2025-11-12 13:18:53.840,G,-4.5166,-2.19727,-25.8179
2025-11-12 13:18:53.941,A,0.714844,-0.18457,-0.929199
2025-11-12 13:18:53.941,G,-50.293,42.9077,-2.31934
2025-11-12 13:18:54.040,A,0.625977,-0.131348,-0.913086
2025-11-12 13:18:54.041,G,-73.7305,-16.3574,54.3823
2025-11-12 13:18:54.141,A,0.283203,0.050293,-1.06201
2025-11-12 13:18:54.141,G,-96.3135,4.88281,101.807
2025-11-12 13:18:54.241,A,0.114258,0.0805664,-0.746582
2025-11-12 13:18:54.241,G,-119.629,-53.772,62.3169
2025-11-12 13:18:54.341,A,0.254395,0.0361328,-0.858398
2025-11-12 13:18:54.341,G,22.2778,80.0171,-56.2744
2025-11-12 13:18:54.441,A,0.6875,0.078125,-0.982422
2025-11-12 13:18:54.442,G,43.335,106.506,-30.7007
2025-11-12 13:18:54.542,A,0.84668,0.521484,-0.736816
2025-11-12 13:18:54.642,A,0.99707,0.163574,-1.1792
2025-11-12 13:18:54.642,G,-235.046,724.976,122.742
2025-11-12 13:18:54.742,A,0.97168,0.255859,0.043457
2025-11-12 13:18:54.742,G,-77.8809,-18.8599,-145.02
2025-11-12 13:18:54.842,A,1.34277,0.57959,-0.370117
2025-11-12 13:18:54.842,G,-190.979,-72.998,-235.535
2025-11-12 13:18:54.942,A,0.340332,0.293945,1.03857
2025-11-12 13:18:54.942,G,-211.426,-225.952,-376.343
2025-11-12 13:18:55.043,A,-0.875488,-0.572754,1.42383
2025-11-12 13:18:55.143,A,3.51709,1.3335,-1.42432
2025-11-12 13:18:55.143,G,145.264,3.90625,443.604
2025-11-12 13:18:55.243,A,0.960449,0.414062,0.517578
2025-11-12 13:18:55.243,G,-208.618,-57.0068,-256.409
2025-11-12 13:18:55.343,A,-1.90234,-0.0991211,1.93896
2025-11-12 13:18:55.343,G,-125.793,32.5317,-62.0117
2025-11-12 13:18:55.443,A,2.125,0.00683594,0.727051
2025-11-12 13:18:55.443,G,174.194,141.113,435.303
2025-11-12 13:18:55.543,A,1.93311,0.633789,0.078125
2025-11-12 13:18:55.544,G,-218.689,8.48389,-290.527
2025-11-12 13:18:55.644,A,0.027832,0.15625,1.07129
2025-11-12 13:18:55.644,G,-86.0596,-141.479,-303.406
2025-11-12 13:18:55.744,A,-1.34619,-0.570801,1.31641
2025-11-12 13:18:55.744,G,-5.24902,98.5718,219.238
2025-11-12 13:18:55.844,A,2.88428,0.161621,0.775879
2025-11-12 13:18:55.844,G,-72.4487,126.099,487.305
2025-11-12 13:18:55.944,A,2.18115,0.151855,0.549316
2025-11-12 13:18:55.944,G,-116.577,81.543,-230.591
2025-11-12 13:18:56.044,A,-0.68457,-0.218262,1.2876
2025-11-12 13:18:56.044,G,42.2974,-60.3638,-341.858
2025-11-12 13:18:56.145,A,-2.33838,-0.292969,0.638672
2025-11-12 13:18:56.145,G,58.5327,97.7783,384.277
2025-11-12 13:18:56.245,A,3.07471,-0.45459,0.713867
2025-11-12 13:18:56.245,G,-112.488,33.4473,340.332
2025-11-12 13:18:56.345,G,73.9746,-39.5508,-308.777
2025-11-12 13:18:56.445,A,-0.774902,-0.282227,0.896973
2025-11-12 13:18:56.445,G,98.5107,-26.7944,-340.515
2025-11-12 13:18:56.545,A,-2.12451,0.189941,0.217285
2025-11-12 13:18:56.545,G,5.12695,-25.6348,466.309
2025-11-12 13:18:56.646,A,3.17383,-0.689453,0.79248
2025-11-12 13:18:56.646,G,164.368,-481.384,-44.4946
2025-11-12 13:18:56.746,A,0.0263672,-0.173828,0.34082
2025-11-12 13:18:56.746,G,43.8232,117.737,-374.939
2025-11-12 13:18:56.846,A,-0.785645,0.41748,-0.000488281
2025-11-12 13:18:56.846,G,-86.853,148.438,56.1523
2025-11-12 13:18:56.946,A,1.26221,0.212402,1.1875
2025-11-12 13:18:56.946,G,-69.2749,46.6309,153.137
2025-11-12 13:18:57.046,A,0.372559,0.00585938,1.104
2025-11-12 13:18:57.046,G,3.41797,-11.1084,89.5996
2025-11-12 13:18:57.146,A,0.376953,-0.043457,0.828125
2025-11-12 13:18:57.147,G,-115.479,76.7212,220.032
2025-11-12 13:18:57.247,A,1.15088,-0.60791,1.37158
2025-11-12 13:18:57.247,G,-21.6675,49.8047,116.699
2025-11-12 13:18:57.347,A,-0.629883,0.012207,2.34375
2025-11-12 13:18:57.347,G,62.1338,657.532,251.343
2025-11-12 13:18:57.447,A,-0.133301,0.268555,1.03076
2025-11-12 13:18:57.447,G,-22.1558,9.39941,59.6924
2025-11-12 13:18:57.547,A,0,-0.00927734,1
2025-11-12 13:18:57.547,G,-5.7373,1.40381,35.0952
2025-11-12 13:18:57.647,A,-0.0356445,-0.0649414,0.998047
2025-11-12 13:18:57.647,G,1.95312,1.34277,148.499
2025-11-12 13:18:57.747,A,-0.0849609,-0.0253906,0.998535
2025-11-12 13:18:57.747,G,3.54004,1.52588,64.3311
2025-11-12 13:18:57.848,A,-0.0332031,0.00146484,1.00049
2025-11-12 13:18:57.848,G,-3.96729,-0.915527,0.12207
2025-11-12 13:18:57.948,A,-0.0336914,-0.00341797,1.00195
2025-11-12 13:18:57.948,G,2.13623,0.183105,0
2025-11-12 13:18:58.048,A,-0.0341797,-0.00195312,1
2025-11-12 13:18:58.048,G,-0.427246,-0.183105,0.0610352
2025-11-12 13:18:58.148,A,-0.0341797,-0.000488281,1
2025-11-12 13:18:58.148,G,0.427246,0,0.0610352
2025-11-12 13:18:58.249,A,-0.0341797,-0.000488281,1.00146
2025-11-12 13:18:58.249,G,0.183105,-0.0610352,0.0610352
2025-11-12 13:18:58.349,A,-0.0327148,-0.000976562,1.00049
2025-11-12 13:18:58.349,G,0.183105,-0.549316,0
2025-11-12 13:18:58.449,A,-0.0332031,-0.00146484,0.999512
2025-11-12 13:18:58.449,G,0.0610352,-0.183105,0
2025-11-12 13:18:58.549,A,-0.0317383,-0.000976562,1.00049
2025-11-12 13:18:58.549,G,0.0610352,-0.366211,0
2025-11-12 13:18:58.649,A,-0.0322266,-0.000488281,1
2025-11-12 13:18:58.649,G,0.12207,-0.12207,0
2025-11-12 13:18:58.749,A,-0.0317383,-0.00146484,0.999023
2025-11-12 13:18:58.749,G,0.12207,-0.732422,0
2025-11-12 13:18:58.850,A,-0.0263672,0.000488281,1.00146
2025-11-12 13:18:58.850,G,0.488281,-1.09863,0
2025-11-12 13:18:58.950,A,-0.0219727,-0.00146484,1.00244
2025-11-12 13:18:58.950,G,0.854492,-0.732422,-0.793457
2025-11-12 13:18:59.050,A,-0.0273438,0.0498047,0.999512
2025-11-12 13:18:59.050,G,-0.488281,-2.74658,-6.71387
2025-11-12 13:18:59.150,A,-0.0322266,0.0219727,0.999512
2025-11-12 13:18:59.150,G,0,-2.31934,-6.16455
2025-11-12 13:18:59.250,A,-0.0175781,0,1.00342
2025-11-12 13:18:59.250,G,1.2207,0.305176,0
2025-11-12 13:18:59.351,A,-0.0161133,-0.000976562,1.00098
2025-11-12 13:18:59.351,G,0,-0.12207,-0.0610352
2025-11-12 13:18:59.451,A,-0.0180664,-0.000976562,1.00098
2025-11-12 13:18:59.451,G,0.12207,0.671387,-0.0610352
2025-11-12 13:18:59.551,A,-0.0209961,0,1.00244
2025-11-12 13:18:59.551,G,0.0610352,0.0610352,-0.0610352
2025-11-12 13:18:59.651,A,-0.019043,0.000976562,0.999512
2025-11-12 13:18:59.651,G,-0.183105,0.549316,-0.12207
2025-11-12 13:18:59.751,A,-0.0244141,-0.00195312,1.00195
2025-11-12 13:18:59.751,G,-1.64795,1.64795,0
2025-11-12 13:18:59.852,A,-0.0244141,-0.000488281,1.00049
2025-11-12 13:18:59.852,G,-0.732422,0.0610352,0
2025-11-12 13:18:59.952,A,-0.0253906,-0.000976562,1.00049
2025-11-12 13:18:59.952,G,-0.549316,0,0
2025-11-12 13:19:00.052,A,-0.0268555,-0.00244141,0.999512
2025-11-12 13:19:00.052,G,-0.488281,-0.12207,0
2025-11-12 13:19:00.152,A,-0.0268555,-0.00195312,1
2025-11-12 13:19:00.152,G,-0.488281,-0.183105,0
2025-11-12 13:19:00.252,A,-0.0263672,-0.00195312,1
2025-11-12 13:19:00.252,G,-0.488281,-0.0610352,0
2025-11-12 13:19:00.352,A,-0.0268555,-0.00195312,1.00049
2025-11-12 13:19:00.353,G,-0.366211,-0.366211,0
2025-11-12 13:19:00.453,A,-0.0258789,-0.00195312,1
2025-11-12 13:19:00.453,G,-0.366211,-0.305176,0
2025-11-12 13:19:00.553,A,-0.0268555,-0.00195312,1.00049
2025-11-12 13:19:00.553,G,-0.366211,-0.305176,0
2025-11-12 13:19:00.653,A,-0.0268555,-0.00146484,1.00098
2025-11-12 13:19:00.653,G,-0.488281,0,0
2025-11-12 13:19:00.754,A,-0.0273438,-0.00195312,1
2025-11-12 13:19:00.754,G,-0.427246,-0.305176,0
2025-11-12 13:19:00.853,A,-0.027832,-0.00195312,1
2025-11-12 13:19:00.854,G,-0.427246,-0.183105,0
2025-11-12 13:19:00.954,A,-0.027832,-0.00195312,1
2025-11-12 13:19:00.954,G,-0.427246,-0.305176,0
2025-11-12 13:19:01.054,A,-0.0283203,-0.00146484,1.00049
2025-11-12 13:19:01.054,G,-0.366211,-0.366211,0
2025-11-12 13:19:01.154,A,-0.0273438,-0.00195312,1.00049
2025-11-12 13:19:01.154,G,-0.427246,-0.244141,0
2025-11-12 13:19:01.254,A,-0.0288086,-0.00244141,1.00098
2025-11-12 13:19:01.254,G,-0.732422,0.427246,0
2025-11-12 13:19:01.354,A,-0.0307617,-0.00341797,0.999512
2025-11-12 13:19:01.455,A,-0.03125,-0.00292969,1
2025-11-12 13:19:01.455,G,-0.427246,-0.12207,0
2025-11-12 13:19:01.555,A,-0.0307617,-0.00390625,1
2025-11-12 13:19:01.555,G,-0.427246,-0.732422,0
2025-11-12 13:19:01.655,A,-0.0405273,-0.00195312,0.989746
2025-11-12 13:19:01.655,G,-0.427246,-4.3335,0
2025-11-12 13:19:01.755,A,-0.0234375,0.0151367,1.01221
2025-11-12 13:19:01.755,G,8.60596,-3.90625,0
2025-11-12 13:19:01.855,A,-0.0273438,0.0180664,0.996582
2025-11-12 13:19:01.856,G,5.85938,-1.46484,-0.671387
2025-11-12 13:19:01.956,A,-0.0141602,0.0283203,0.999512
2025-11-12 13:19:01.956,G,-3.41797,-1.83105,6.53076
2025-11-12 13:19:02.056,A,-0.0258789,0.046875,1.00586
2025-11-12 13:19:02.056,G,4.08936,-3.41797,-9.58252
2025-11-12 13:19:02.156,A,-0.0151367,0.019043,1.05225
2025-11-12 13:19:02.156,G,1.28174,3.72314,1.2207
2025-11-12 13:19:02.256,A,-0.0117188,-0.117188,1.35107
2025-11-12 13:19:02.256,G,51.5137,-117.126,2.31934
2025-11-12 13:19:02.356,A,0.158203,-0.0400391,1.16504
2025-11-12 13:19:02.356,G,29.9683,-69.0918,-7.50732
2025-11-12 13:19:02.457,A,0.22168,0.0146484,0.944336
2025-11-12 13:19:02.457,G,-16.3574,-56.9458,12.4512
2025-11-12 13:19:02.557,A,0.300293,0.0170898,0.755371
2025-11-12 13:19:02.557,G,-17.1509,-21.9116,8.11768
2025-11-12 13:19:02.657,A,0.301758,-0.0874023,0.825195
2025-11-12 13:19:02.657,G,-27.4658,9.64355,-6.83594
2025-11-12 13:19:02.757,A,0.282715,-0.103027,0.893066
2025-11-12 13:19:02.757,G,-17.5781,15.1367,13.5498
2025-11-12 13:19:02.857,A,0.297852,-0.09375,0.919434
2025-11-12 13:19:02.857,G,9.8877,13.1836,5.18799
2025-11-12 13:19:02.958,A,0.283691,-0.0581055,0.948242
2025-11-12 13:19:02.958,G,-2.62451,6.22559,2.99072
2025-11-12 13:19:03.058,A,0.245605,-0.130859,0.993652
2025-11-12 13:19:03.058,G,-11.4746,0.366211,1.09863
2025-11-12 13:19:03.158,A,0.254883,-0.137207,0.962891
2025-11-12 13:19:03.158,G,-2.68555,-1.2207,-1.28174
2025-11-12 13:19:03.258,A,0.263184,-0.124023,0.942383
2025-11-12 13:19:03.258,G,-0.671387,0.183105,1.34277
2025-11-12 13:19:03.358,A,0.256836,-0.137207,0.948242
2025-11-12 13:19:03.358,G,-1.58691,-2.86865,1.15967
2025-11-12 13:19:03.458,A,0.262695,-0.127441,0.963867
2025-11-12 13:19:03.459,G,-11.6577,3.66211,0
2025-11-12 13:19:03.559,A,0.26416,-0.14502,0.942383
2025-11-12 13:19:03.559,G,-7.87354,-0.427246,0.976562
2025-11-12 13:19:03.659,A,0.269043,-0.118164,0.861816
2025-11-12 13:19:03.659,G,-6.04248,5.24902,2.13623
2025-11-12 13:19:03.759,A,0.23877,-0.241699,0.858398
2025-11-12 13:19:03.759,G,-42.0532,7.93457,-6.95801
2025-11-12 13:19:03.859,A,0.119629,-0.456055,1.19678
2025-11-12 13:19:03.859,G,-438.232,90.6982,13.855
2025-11-12 13:19:03.959,A,0.0371094,-1.02344,0.323242
2025-11-12 13:19:03.960,G,-312.805,61.0352,90.0879
2025-11-12 13:19:04.060,A,-0.0102539,-1.00977,-0.0131836
2025-11-12 13:19:04.060,G,-38.3301,6.46973,-4.57764
2025-11-12 13:19:04.160,A,-0.000488281,-0.992188,0.000488281
2025-11-12 13:19:04.160,G,-14.3433,-0.976562,-15.5029
2025-11-12 13:19:04.260,G,-13.1836,-3.54004,-7.69043
2025-11-12 13:19:04.360,A,0.0273438,-0.989746,-0.0600586
2025-11-12 13:19:04.360,G,-4.08936,-2.13623,-6.16455
2025-11-12 13:19:04.461,A,0.0395508,-0.983398,-0.0825195
2025-11-12 13:19:04.461,G,-1.0376,2.50244,-10.0708
2025-11-12 13:19:04.561,A,0.0405273,-0.989258,-0.0395508
2025-11-12 13:19:04.561,G,-13.7939,-5.18799,0
2025-11-12 13:19:04.661,A,0.0322266,-1,-0.0771484
2025-11-12 13:19:04.661,G,-7.14111,-5.12695,-0.0610352
2025-11-12 13:19:04.761,A,0.0683594,-0.952637,-0.0527344
2025-11-12 13:19:04.761,G,31.0669,4.5166,-8.05664
2025-11-12 13:19:04.861,A,-0.0327148,-1.21289,0.123535
2025-11-12 13:19:04.861,G,529.114,-104.736,-53.772
2025-11-12 13:19:04.961,A,0.249512,0.0429688,0.5625
2025-11-12 13:19:04.961,G,781.372,-41.5649,-126.221
2025-11-12 13:19:05.062,G,335.205,74.8291,-115.417
2025-11-12 13:19:05.162,A,0.0161133,0.964355,0.3125
2025-11-12 13:19:05.162,G,201.477,52.002,-10.376
2025-11-12 13:19:05.262,A,-0.0385742,1.01953,0.22168
2025-11-12 13:19:05.262,G,258.667,-14.1602,-1.2207
2025-11-12 13:19:05.362,A,-0.0415039,1.00391,-0.17627
2025-11-12 13:19:05.362,G,245.728,-11.5356,-23.1323
2025-11-12 13:19:05.462,G,61.5845,0.366211,17.334
2025-11-12 13:19:05.563,A,0.0566406,0.70166,-0.76416
2025-11-12 13:19:05.563,G,20.813,1.58691,10.0708
2025-11-12 13:19:05.663,A,0.0654297,0.661621,-0.752441
2025-11-12 13:19:05.663,G,21.5454,-0.854492,0.366211
2025-11-12 13:19:05.763,A,0.0771484,0.655273,-0.730957
2025-11-12 13:19:05.763,G,-15.564,9.39941,-9.46045
2025-11-12 13:19:05.863,A,0.0610352,0.76709,-0.771973
2025-11-12 13:19:05.863,G,-27.1606,73.8525,-23.3154
2025-11-12 13:19:05.963,A,0.208496,0.478027,-0.989258
2025-11-12 13:19:05.963,G,-96.6797,106.14,-120.117
2025-11-12 13:19:06.064,A,0.0288086,0.891113,-0.192871
2025-11-12 13:19:06.064,G,93.75,42.7856,-49.0723
2025-11-12 13:19:06.164,A,-0.0473633,0.679199,-0.428711
2025-11-12 13:19:06.164,G,113.708,-2.56348,-64.0259
2025-11-12 13:19:06.264,A,-0.299316,0.693359,-0.666504
2025-11-12 13:19:06.264,G,11.8408,-21.7896,-125.488
2025-11-12 13:19:06.364,A,-0.469238,0.620605,-0.695801
2025-11-12 13:19:06.364,G,41.626,-112.427,-110.474
2025-11-12 13:19:06.464,A,-0.523926,0.338867,-0.667969
2025-11-12 13:19:06.464,G,90.271,-29.2358,-82.0923
2025-11-12 13:19:06.565,A,-0.526855,0.218262,-0.79248
2025-11-12 13:19:06.565,G,-6.95801,-44.9829,2.86865
2025-11-12 13:19:06.665,A,-0.463867,0.224609,-0.805664
2025-11-12 13:19:06.665,G,-140.808,-159.485,64.5752
2025-11-12 13:19:06.765,A,-0.719238,0.509766,-0.390625
2025-11-12 13:19:06.765,G,-250.854,-130.676,-79.2236
2025-11-12 13:19:06.865,G,4.69971,-93.3228,3.35693
2025-11-12 13:19:06.965,A,-0.857422,0.265625,0.442871
2025-11-12 13:19:06.965,G,-134.46,-335.327,-117.554
2025-11-12 13:19:07.066,A,-0.533203,0.377441,0.0400391
2025-11-12 13:19:07.066,G,-224.976,-83.252,137.634
2025-11-12 13:19:07.166,A,-0.286133,-0.20752,0.5625
2025-11-12 13:19:07.166,G,132.324,-427.856,244.019
2025-11-12 13:19:07.266,A,0.0913086,-0.0302734,0.989746
2025-11-12 13:19:07.266,G,-0.671387,0.305176,21.6064
2025-11-12 13:19:07.366,A,-0.0292969,-0.012207,0.998535
2025-11-12 13:19:07.366,G,-0.549316,-0.0610352,-0.0610352
2025-11-12 13:19:07.466,A,-0.0263672,-0.0117188,1.00098
2025-11-12 13:19:07.466,G,-0.549316,-0.549316,-0.12207
2025-11-12 13:19:07.566,A,-0.121582,-0.0219727,1
2025-11-12 13:19:07.566,G,10.7422,-30.0293,-18.9819
2025-11-12 13:19:07.667,A,-0.0375977,-0.0336914,0.996582
2025-11-12 13:19:07.667,G,2.38037,-9.0332,-2.31934
2025-11-12 13:19:07.767,A,0.156738,-0.0683594,1.00586
2025-11-12 13:19:07.767,G,-15.3809,1.70898,-14.5874
2025-11-12 13:19:07.867,A,-0.0883789,-0.281738,1.08203
2025-11-12 13:19:07.867,G,-197.876,-18.6157,-383.484
2025-11-12 13:19:07.967,A,0.310547,-0.27002,0.845703
2025-11-12 13:19:07.967,G,113.403,-694.519,-112.915
2025-11-12 13:19:08.067,A,0.989258,-0.390137,-0.412109
2025-11-12 13:19:08.067,G,38.4521,-14.9536,140.625
2025-11-12 13:19:08.167,A,0.61377,-0.287109,-0.344727
2025-11-12 13:19:08.168,G,-29.7241,-116.333,47.3633
2025-11-12 13:19:08.268,A,0.726562,-0.375488,-0.51123
2025-11-12 13:19:08.268,G,-51.8188,-92.4683,-26.6724
2025-11-12 13:19:08.368,A,0.682617,-0.29834,-0.594238
2025-11-12 13:19:08.368,G,-58.4106,-82.4585,-58.1055
2025-11-12 13:19:08.468,A,0.277832,-0.196777,-0.963379
2025-11-12 13:19:08.469,G,104.614,-415.894,-26.7334
2025-11-12 13:19:08.568,A,0.0791016,-0.35791,-0.905762
2025-11-12 13:19:08.568,G,-40.2832,-19.043,-8.17871
2025-11-12 13:19:08.668,A,0.0395508,-0.235352,-1.11279
2025-11-12 13:19:08.669,G,6.16455,67.2607,16.0522
2025-11-12 13:19:08.769,A,0.137207,-0.27832,-1.20459
2025-11-12 13:19:08.769,G,3.96729,150.024,7.62939
2025-11-12 13:19:08.869,A,0.38916,-0.125488,-0.34668
2025-11-12 13:19:08.869,G,-7.8125,390.198,-27.832
2025-11-12 13:19:08.969,A,0.693359,-0.241211,-0.187012
2025-11-12 13:19:08.969,G,-23.1323,391.907,-32.4707
2025-11-12 13:19:09.069,A,0.975586,-0.0405273,0.226074
2025-11-12 13:19:09.069,G,-71.167,123.657,-119.141
2025-11-12 13:19:09.169,A,1.00586,-0.0136719,0.142578
2025-11-12 13:19:09.169,G,51.5137,-13.4888,28.6255
2025-11-12 13:19:09.270,A,0.903809,-0.0219727,0.015625
2025-11-12 13:19:09.270,G,-34.1187,-78.7354,20.2637
2025-11-12 13:19:09.370,A,1.31494,-0.498047,-0.870117
2025-11-12 13:19:09.370,G,31.25,-507.263,187.561
2025-11-12 13:19:09.470,A,0.575195,-0.246582,-0.687988
2025-11-12 13:19:09.470,G,-50.415,-63.5986,0.915527
2025-11-12 13:19:09.570,G,-10.5591,-401.123,118.225
2025-11-12 13:19:09.670,A,-0.0136719,-0.294434,-0.878418
2025-11-12 13:19:09.770,A,-0.00878906,-0.249512,-0.980957
2025-11-12 13:19:09.770,G,-7.26318,-1.70898,-14.2212
2025-11-12 13:19:09.871,A,0.489258,-0.237793,-1.18213
2025-11-12 13:19:09.871,G,-72.1436,542.419,29.7241
2025-11-12 13:19:09.971,A,0.902344,-0.270508,-0.500488
2025-11-12 13:19:09.971,G,32.4707,399.78,23.8647
2025-11-12 13:19:10.071,A,0.810059,-0.221191,0.273926
2025-11-12 13:19:10.071,G,69.7632,315.002,20.5078
2025-11-12 13:19:10.171,A,0.794434,-0.0664062,1.00098
2025-11-12 13:19:10.171,G,48.2178,31.311,-154.297
2025-11-12 13:19:10.271,A,1.42871,-1.1377,-1.71631
2025-11-12 13:19:10.272,G,465.576,-1251.65,73.6084
2025-11-12 13:19:10.371,A,-0.207031,-0.115234,-0.933105
2025-11-12 13:19:10.372,G,-255.31,34.79,15.7471
2025-11-12 13:19:10.472,A,0.050293,-0.244629,-0.939941
2025-11-12 13:19:10.472,G,-30.1514,-3.78418,-10.498
2025-11-12 13:19:10.572,A,0.0449219,-0.265625,-0.966309
2025-11-12 13:19:10.572,G,29.7852,-2.99072,6.16455
2025-11-12 13:19:10.672,A,-0.0805664,0.0253906,-0.979492
2025-11-12 13:19:10.672,G,-337.341,1119.38,54.8096
2025-11-12 13:19:10.772,A,0.0898438,-0.277344,-1.13428
2025-11-12 13:19:10.872,A,-0.0639648,-0.252441,-0.905273
2025-11-12 13:19:10.873,G,36.0107,-4.82178,-58.2275
2025-11-12 13:19:10.973,A,0.0927734,-0.126465,-0.913574
2025-11-12 13:19:10.973,G,-66.5283,2.99072,1.09863
2025-11-12 13:19:11.073,A,0.127441,0.000488281,-1.0791
2025-11-12 13:19:11.073,G,20.1416,2.0752,49.0112
2025-11-12 13:19:11.173,A,0.880859,-0.23584,-1.00537
2025-11-12 13:19:11.173,G,-254.822,973.267,-19.9585
2025-11-12 13:19:11.273,A,0.849121,-0.130859,0.0561523
2025-11-12 13:19:11.273,G,-47.9736,347.9,-16.8457
2025-11-12 13:19:11.373,A,-0.0957031,-0.384766,1.39209
2025-11-12 13:19:11.373,G,163.818,130.066,287.842
2025-11-12 13:19:11.474,A,0.0249023,0.074707,1.01758
2025-11-12 13:19:11.474,G,-29.2358,-1.2207,76.9653
2025-11-12 13:19:11.574,A,-0.0219727,-0.0615234,1.00195
2025-11-12 13:19:11.574,G,-2.01416,0.12207,111.084
2025-11-12 13:19:11.674,A,0.0229492,-0.0532227,1.02734
2025-11-12 13:19:11.674,G,3.41797,4.3335,-18.3716
2025-11-12 13:19:11.774,A,0.0546875,-0.123047,1.00146
2025-11-12 13:19:11.774,G,1.15967,-7.14111,-16.7847
2025-11-12 13:19:11.874,A,0.155762,-0.168457,1.06104
2025-11-12 13:19:11.874,G,-11.9629,-21.6064,-21.3013
2025-11-12 13:19:11.974,A,0.270508,-0.171387,0.784668
2025-11-12 13:19:11.974,G,-60.4248,-88.9893,-39.917
2025-11-12 13:19:12.075,A,0.380371,-0.112793,0.802734
2025-11-12 13:19:12.075,G,-64.5142,-298.828,14.4043
2025-11-12 13:19:12.175,A,-0.19873,-0.256836,0.29834
2025-11-12 13:19:12.175,G,-260.376,-1436.95,21.5454
2025-11-12 13:19:12.275,A,-0.508789,0.310547,-0.748047
2025-11-12 13:19:12.275,G,-147.583,495.239,114.136
2025-11-12 13:19:12.375,A,0.126953,-0.262695,-1.22168
2025-11-12 13:19:12.375,G,-33.02,-1.52588,104.614
2025-11-12 13:19:12.475,A,0.00830078,-0.00537109,-1.00049
2025-11-12 13:19:12.475,G,0,4.94385,0.12207
2025-11-12 13:19:12.576,A,0.0126953,-0.00488281,-0.999023
2025-11-12 13:19:12.576,G,0.12207,0.12207,-0.0610352
2025-11-12 13:19:12.676,A,0.0654297,-0.027832,-0.977051
2025-11-12 13:19:12.676,G,-0.671387,-5.61523,14.5264
2025-11-12 13:19:12.776,A,0.251465,0.269531,-1.01611
2025-11-12 13:19:12.776,G,2.68555,7.38525,-38.4521
2025-11-12 13:19:12.876,A,0.0454102,0.110352,-0.588867
2025-11-12 13:19:12.876,G,-13.7939,144.104,-34.6069
2025-11-12 13:19:12.976,A,0.261719,-0.0258789,-1.13965
2025-11-12 13:19:12.976,G,-37.0483,159.424,14.7705
2025-11-12 13:19:13.076,A,0.491699,-0.00634766,-0.464355
2025-11-12 13:19:13.077,G,41.626,846.375,-12.8174
2025-11-12 13:19:13.177,A,1.46777,-0.0917969,0.328613
2025-11-12 13:19:13.177,G,-83.8013,-171.936,-52.7954
2025-11-12 13:19:13.277,A,0.638672,-0.0634766,0.792969
2025-11-12 13:19:13.277,G,5.61523,194.214,16.2964
2025-11-12 13:19:13.377,A,0.262695,0.0834961,0.756836
2025-11-12 13:19:13.377,G,-156.372,387.634,43.2739
2025-11-12 13:19:13.477,A,0.166992,-0.173828,1.00488
2025-11-12 13:19:13.477,G,2.74658,0.549316,82.0312
2025-11-12 13:19:13.577,A,-0.134277,-0.0869141,0.981934
2025-11-12 13:19:13.578,G,-5.49316,1.77002,82.0312
2025-11-12 13:19:13.678,A,0.0180664,-0.0722656,0.995605
2025-11-12 13:19:13.678,G,-5.5542,-0.183105,102.234
2025-11-12 13:19:13.778,A,0.0288086,-0.116699,1.00146
2025-11-12 13:19:13.778,G,-4.45557,0.305176,231.628
2025-11-12 13:19:13.878,A,-0.0209961,-0.015625,1.00098
2025-11-12 13:19:13.878,G,-0.915527,-0.549316,-0.244141
2025-11-12 13:19:13.978,A,-0.0224609,-0.0175781,1.00098
2025-11-12 13:19:13.978,G,-0.488281,-0.366211,-0.12207
2025-11-12 13:19:14.078,A,-0.0224609,-0.0180664,0.998535
2025-11-12 13:19:14.078,G,-0.488281,-0.427246,-0.0610352
2025-11-12 13:19:14.179,A,-0.0214844,-0.0180664,0.999023
2025-11-12 13:19:14.179,G,-0.427246,-0.427246,-0.0610352
2025-11-12 13:19:14.279,A,-0.0224609,-0.0180664,0.997559
2025-11-12 13:19:14.279,G,-0.427246,-0.427246,-0.12207
2025-11-12 13:19:14.379,A,-0.0219727,-0.0185547,0.994141
2025-11-12 13:19:14.379,G,0.427246,-0.732422,0
2025-11-12 13:19:14.479,A,-0.0219727,-0.0180664,0.999023
2025-11-12 13:19:14.479,G,-0.610352,-0.244141,0
2025-11-12 13:19:14.579,A,-0.0224609,-0.019043,1.00049
2025-11-12 13:19:14.579,G,0.0610352,-0.793457,0
2025-11-12 13:19:14.679,A,-0.0214844,-0.0180664,1.00391
2025-11-12 13:19:14.680,G,-0.854492,0,0
2025-11-12 13:19:14.780,A,-0.0229492,-0.0205078,1
2025-11-12 13:19:14.780,G,-0.671387,-0.305176,0
2025-11-12 13:19:14.880,A,-0.0239258,-0.0180664,1.00098
2025-11-12 13:19:14.880,G,-0.305176,-0.488281,0.183105
2025-11-12 13:19:14.980,A,-0.0229492,-0.0195312,1.00098
2025-11-12 13:19:14.980,G,-0.305176,-0.427246,-0.0610352
2025-11-12 13:19:15.080,A,-0.0224609,-0.0200195,1.00049
2025-11-12 13:19:15.080,G,-0.366211,-0.366211,-0.12207
2025-11-12 13:19:15.180,A,-0.0229492,-0.0200195,0.999023
2025-11-12 13:19:15.180,G,-0.427246,-0.183105,-0.0610352
2025-11-12 13:19:15.281,A,-0.0229492,-0.0200195,1
2025-11-12 13:19:15.281,G,-0.488281,-0.244141,-0.0610352
2025-11-12 13:19:15.381,A,-0.0229492,-0.0205078,1.00098
2025-11-12 13:19:15.381,G,-0.427246,-0.244141,0
2025-11-12 13:19:15.481,A,-0.0234375,-0.0205078,0.999023
2025-11-12 13:19:15.481,G,-0.488281,-0.244141,0
2025-11-12 13:19:15.582,A,-0.0229492,-0.0205078,1.00049
2025-11-12 13:19:15.582,G,-1.0376,0.0610352,0
2025-11-12 13:19:15.681,A,-0.0244141,-0.0229492,0.998535
2025-11-12 13:19:15.681,G,-2.0752,0.732422,0.671387
